X,Y,OBJECTID,SAP_FUNC_LOC,SAP_DESCRIPTION,SAP_INVENTORY_NUMBER,SAP_OBJECT_TYPE,Angle,FL_DESC,GlobalID
-2.054145900870537,51.354184025581333,6383,KA-090-025,Foxhangers Marina Entrance Lift Bridge,KA-090-025,002,289.3303648,KA-090-025 Foxhangers Marina Entrance Lift Bridge,408c461b-a0f1-4f06-9371-a19eb81139ad
-2.061952650558377,51.355985904321351,6429,KA-091-022,Seend Feeder Footbridge,KA-091-022,004,199.13867046,KA-091-022 Seend Feeder Footbridge,1b836582-b823-4440-b373-451fdf323c1a
-1.02835374995191,51.432282298131419,5141,KA-007-001,"Bridge 15, Swan Overhead Bridge",KA-00787,004,200.75519511,"KA-007-001 Bridge 15, Swan Overhead Bridge",fd2eda50-9b14-4a43-a18b-a55f9bcf0f35
-1.103300588466428,51.416876747694324,5142,KA-013-010,Bridge 24 (Over Weir),KA-01400,004,317.20329112,KA-013-010 Bridge 24 (Over Weir),1409b20d-adfa-4ab8-a1e1-2f6847ad858b
-1.40123433990254,51.400908777522531,5143,KA-036-002,"Bridge 70, Copse Lock Footbridge",KA-03685,004,351.92040991,"KA-036-002 Bridge 70, Copse Lock Footbridge",25f5e80e-8bcc-4c84-85c2-4572ba9b4a70
-1.453577642575559,51.401774145810144,5144,KA-040-002,"Bridge 77, Vicarage Footbridge",KA-04054,004,181.52960693,"KA-040-002 Bridge 77, Vicarage Footbridge",f204c0df-dea3-496f-93bf-3544854c4d7b
-2.488109742743597,51.426589979549981,5145,KA-137-001,"Bridge 215, Londonderry Wharf",KA-13721,004,90.54195353,"KA-137-001 Bridge 215, Londonderry Wharf",035a043b-9d2d-402e-a8a2-99e6e395715b
-2.200989380691667,51.341268433551093,5153,KA-101-005,"Bridge 166, Hilperton Road Bridge",KA-10139,003,213.30747115,"KA-101-005 Bridge 166, Hilperton Road Bridge",5c394213-ae76-41c1-8c71-7470f6603187
-2.208201594781743,51.334031954831389,5154,KA-102-011,"Bridge 168, Balls Bridge",KA-10237,002,245.08076365,"KA-102-011 Bridge 168, Balls Bridge",10f41cc1-ef5c-499c-9cdd-7a4e58f99b3d
-2.239636611013541,51.336120071681741,5155,KA-105-001,"Bridge 170, Widbrook Bridge",KA-10465,003,268.39460276,"KA-105-001 Bridge 170, Widbrook Bridge",c26d38e0-515a-4d83-8042-10a92d15411a
-2.348819871854829,51.382768578383107,5156,KA-120-007,"Bridge 188, Sydney Wharf Bridge",KA-12034,003,184.24041725,"KA-120-007 Bridge 188, Sydney Wharf Bridge",919625de-de83-4ebf-bb8b-1081f60306f5
-2.356295289628202,51.37704581029341,5157,KA-121-017,"Bridge 195, Widcombe Bridge",KA-12138,046,265.45182704,"KA-121-017 Bridge 195, Widcombe Bridge",825698e5-0e97-46a9-b0ec-42fc74f74261
-2.354953274865687,51.377204932207846,5158,KA-121-016,"Bridge 194, Dolmeads Bridge",KA-12126,002,269.86467402,"KA-121-016 Bridge 194, Dolmeads Bridge",5c492b0a-275d-4e8f-9d8e-aa5d68a1e96d
-2.449615064323279,51.40423457555697,5159,KA-130-001,"Bridge 210, Saltford Railway Bridge",KA-13019,129,220.08195822,"KA-130-001 Bridge 210, Saltford Railway Bridge",8b8d5d63-d76b-4b6c-a916-f2402911c9ca
-0.974401009446181,51.450436388799083,5160,KA-001-011,"Bridge 4, Idr Bridge",KA-00229,003,205.33206497,"KA-001-011 Bridge 4, Idr Bridge",1e429453-9630-444f-ab29-0d6e62850b73
-1.166397231740186,51.394329821102886,5161,KA-019-001,"Bridge 30, Wickham Knight",KA-01948,004,355.62151203,"KA-019-001 Bridge 30, Wickham Knight",12188d0b-ba91-4bef-981b-c19ffdd9f8e4
-1.197226047750243,51.392863797585996,5162,KA-021-003,"Bridge 35, Cranwells Swingbridge",KA-02197,002,258.24394375,"KA-021-003 Bridge 35, Cranwells Swingbridge",bd7e543c-dac1-463b-8273-ab9108683b1f
-1.224555521486795,51.393656158169037,5163,KA-023-011,"Bridge 39, Colthrop Pipe Bridge", ,077,269.53657938,"KA-023-011 Bridge 39, Colthrop Pipe Bridge",68fe4f92-7cc1-4688-89e4-37085571da36
-1.361600562667666,51.396962360176424,5164,KA-033-003,"Bridge 65, Pickletimber (Railway)",KA-03400,129,235.91431525,"KA-033-003 Bridge 65, Pickletimber (Railway)",a65579c5-5fc4-4ec4-8056-15189b21139e
-1.411283628594277,51.402792173407668,5165,KA-037-002,"Bridge 71, Dreweatts Bridge",KA-03762,002,280.47702874,"KA-037-002 Bridge 71, Dreweatts Bridge",df3c28f0-e35f-4501-98d8-a30bf95dd9f1
-1.459225474734344,51.402588502788191,5166,KA-040-003,"Bridge 78, Orchard Meadow",KA-04098,002,291.90662032,"KA-040-003 Bridge 78, Orchard Meadow",76464621-ffb0-4530-a6e6-79fef7f42cda
-1.583138727496313,51.392472466642857,5167,KA-050-003,"Bridge 93, Little Bedwyn Footbridge",KA-05100,004,305.0391786,"KA-050-003 Bridge 93, Little Bedwyn Footbridge",3ce436b5-bdeb-4630-97d6-9648b5425aab
-1.601558456920045,51.375728821831899,5168,KA-053-003,"Bridge 96, Church Lock Bridge",KA-05329,002,213.03570308,"KA-053-003 Bridge 96, Church Lock Bridge",4e252f55-25b7-4ce3-aec4-b1a0de4dc760
-1.775324573366991,51.348775933621965,5169,KA-067-010,"Bridge 114, Pewsey Wharf Bridge",KA-06736,003,279.96075356,"KA-067-010 Bridge 114, Pewsey Wharf Bridge",93890bf5-92a1-4785-9b10-c6a2adc84b35
-1.798998240765421,51.350566585892878,5170,KA-069-002,"Bridge 117, Wilcot Road Bridge",KA-06930,003,249.29880815,"KA-069-002 Bridge 117, Wilcot Road Bridge",a3bee7a9-dba5-4fc2-a363-e5e2f801ca31
-1.979852821185526,51.357883249350479,5171,KA-085-003,"Bridge 137, Brickham Bridge",KA-08529,002,222.65873696,"KA-085-003 Bridge 137, Brickham Bridge",43420b89-1058-45f0-a49e-1ba8d5a1e67f
-1.992357658299671,51.355179557314713,5172,KA-086-002,"Bridge 139, Park Road",KA-08638,002,280.59835897,"KA-086-002 Bridge 139, Park Road",b5d99ec6-3957-400b-8139-702ac4b2ef01
-2.018237548510006,51.352471101391984,5173,KA-088-007,"Bridge 143, Devizes Depot",KA-08820,002,267.61376735,"KA-088-007 Bridge 143, Devizes Depot",107f6ab0-dce6-4779-8620-d921e0571aef
-2.145429667330362,51.348175020796198,5174,KA-097-005,Bridge 160 Semington Road Bridge,KA-09737,003,281.02948975,KA-097-005 Bridge 160 Semington Road Bridge,7a4aef9c-0520-4a6e-8e1b-767a3531a88b
-2.490988421919328,51.418884149471083,5175,KA-136-006,"Bridge 213, White Hart Bridge",KA-13625,003,323.1826754,"KA-136-006 Bridge 213, White Hart Bridge",b3a3bba0-07cc-4f42-b9a9-8e24d85c726a
-1.844516814052894,51.347319274124573,5372,KA-072-007,Disused Bridge Abutment, ,117,337.91301024,KA-072-007 Disused Bridge Abutment,161e43df-4d02-497e-b958-9f7ab8a454fe
-0.975187160185615,51.440728401643199,5624,KA-002-002,"Bridge 7, Rose Kiln Lane Footbridge",KA-00260,004,295.41459623,"KA-002-002 Bridge 7, Rose Kiln Lane Footbridge",4f4c4d2f-95bc-4c51-9e28-38228708292c
-1.284569705457556,51.397060046868305,5625,KA-027-003,"Bridge 46, Bulls River Footbridge",KA-02823,004,215.33265516,"KA-027-003 Bridge 46, Bulls River Footbridge",8d0cbe06-3e01-4de7-bcdb-5654514c692d
-1.296277171874386,51.401130727778835,5626,KA-028-004,"Bridge 50, Ham Marsh Bridge",KA-02919,003,288.52554412,"KA-028-004 Bridge 50, Ham Marsh Bridge",65bda94a-f89b-4ce7-a0a0-9c24b6841029
-1.313930470375801,51.40269116565316,5627,KA-030-002,"Bridge 55, Greenham Weir Towpath Bridge",KA-03043,004,331.02618161,"KA-030-002 Bridge 55, Greenham Weir Towpath Bridge",f8e39469-0ea1-4c62-ab76-4757bf7e97b4
-2.155850533359628,51.346604036147134,5637,KA-098-003,Bridge 161 (Semington Swingbridge),KA-09817,002,271.96890211,KA-098-003 Bridge 161 (Semington Swingbridge),b280b321-2fb1-424b-85e1-10de0b8a7ee2
-2.30221164302601,51.376534394957829,5638,KA-114-002,"Bridge 179, Claverton Road Bridge",KA-11447,003,353.72148147,"KA-114-002 Bridge 179, Claverton Road Bridge",690152cd-33a1-4d00-a1f6-df3e0e6f7bb8
-2.314095571802273,51.392229166730594,5639,KA-117-002,"Bridge 182, Bathampton Swingbridge",KA-11664,002,194.66548542,"KA-117-002 Bridge 182, Bathampton Swingbridge",5fb69f73-56fa-40a1-8929-887adf81576f
-2.359608296158977,51.377487110234995,5640,KA-122-001,"Bridge 197, Southgate Footbridge",KA-12169,046,286.55680992,"KA-122-001 Bridge 197, Southgate Footbridge",9c76479e-d6c8-4743-8858-aedd59d21960
-2.373267840315748,51.38349084399772,5641,KA-123-001,"Bridge 201, Victoria Suspension Bridge",KA-12253,046,307.82431037,"KA-123-001 Bridge 201, Victoria Suspension Bridge",2d709eb6-33a2-4e59-822b-9a12a1e274fd
-2.405612763692077,51.387777657012897,5642,KA-125-003,"Bridge 207, Newbridge Railway",KA-12559,129,336.54014633,"KA-125-003 Bridge 207, Newbridge Railway",bb7037ff-efd9-404e-9a59-45523d515f6c
-1.053620746593332,51.433810592057434,5643,KA-009-001,"Bridge 18, M4",KA-00976,003,240.11187858,"KA-009-001 Bridge 18, M4",5f6efaa9-e113-425e-bd3c-5ae4493808bf
-1.100262454734477,51.418707163930037,5644,KA-013-006,"Bridge 23, Tyle Mill Swingbridge",KA-01366,003,228.17940979,"KA-013-006 Bridge 23, Tyle Mill Swingbridge",d09a5727-b61c-4953-b2c5-82e69d56bfff
-1.124310040480005,51.40851914261178,5645,KA-015-001,Bridge 26 Towney (Overhead),KA-01573,002,187.30133542,KA-015-001 Bridge 26 Towney (Overhead),accc561d-d438-4d60-ae6c-e0404ec4c477
-1.31989740837799,51.401888890862885,5646,KA-030-013,"Bridge 58, A339 Flyover",KA-03100,003,312.59428476,"KA-030-013 Bridge 58, A339 Flyover",3b64d631-3716-4bcf-ab41-3b0aa3d6eedf
-1.327922982279153,51.401026521915391,5647,KA-031-002,"Bridge 62, West Mills Swingbrdge",KA-03245,002,258.86503122,"KA-031-002 Bridge 62, West Mills Swingbrdge",dcc48576-b3fd-4ab9-9954-bd801ee4eabf
-1.521926536787898,51.416375201831642,5648,KA-045-005,"Bridge 85, Church Swingbridge",KA-04575,002,232.34926611,"KA-045-005 Bridge 85, Church Swingbridge",2726a2c5-f39a-416a-998f-667ee75a9fb4
-1.543534226356544,51.412321212389479,5649,KA-047-001,"Bridge 88, Hungerford Bridge",KA-04725,004,300.22435395,"KA-047-001 Bridge 88, Hungerford Bridge",c046bb77-2594-4fac-9f23-a38d2c48ebc0
-1.570786767473839,51.402732211568683,5650,KA-049-003,"Bridge 91, Oakhill Down Lock Bridge",KA-04959,002,218.65012459,"KA-049-003 Bridge 91, Oakhill Down Lock Bridge",aa080019-87cc-4104-8a2f-fdc645dc0bf1
-1.697118847326034,51.369598170927766,5651,KA-061-002,Bridge 105 Cadley Lock Bridge,KA-06126,002,268.31520113,KA-061-002 Bridge 105 Cadley Lock Bridge,e713a164-a0d9-4551-8667-f0a58e9a7073
-1.711692368893885,51.367280536225884,5652,KA-062-002,"Bridge 107, Heathy Close Lock Bridge",KA-06228,002,240.00348067,"KA-062-002 Bridge 107, Heathy Close Lock Bridge",3ec0b66a-e631-4e5c-8bdf-9c6219d643e1
-1.737061247963282,51.357724321126668,5653,KA-064-001,"Bridge 111, New Mill Bridge",KA-06437,003,242.50167678,"KA-064-001 Bridge 111, New Mill Bridge",01a1303a-b4b9-43bb-9132-83e709ca368e
-1.895978096881073,51.361424976536327,5654,KA-077-002,"Bridge 128, Woodway Bridge",KA-07717,002,279.62073134,"KA-077-002 Bridge 128, Woodway Bridge",b35ee14b-e7c8-40a8-a7a3-823bb76b9df9
-1.921817643751995,51.363596826614859,5655,KA-079-001,Bridge 131 Horton Fields Swingbridge,KA-07926,131,196.65259192,KA-079-001 Bridge 131 Horton Fields Swingbridge,4fb8f076-d330-4e47-a7c2-869550175507
-1.945237776034489,51.368109858356064,5656,KA-082-001,"Bridge 134, Horton Bridge",KA-08238,003,194.43893275,"KA-082-001 Bridge 134, Horton Bridge",91634d15-3238-4792-8716-87095f45245c
-2.086665487280846,51.353317349286193,5657,KA-093-002,"Bridge 151, Rusty Lane Swingbridge",KA-09302,002,252.38838443,"KA-093-002 Bridge 151, Rusty Lane Swingbridge",bd4f3e8c-811b-4b12-a15f-b673fce4b9b8
-2.116607646342548,51.34962263745679,5658,KA-095-001,"Bridge 155, Seend Park Swing Footbridge",KA-09523,004,306.56220101,"KA-095-001 Bridge 155, Seend Park Swing Footbridge",07c62df9-fd49-4161-9694-3d77453e2182
-1.139696285851731,51.400035720436584,5660,KA-017-004,Aldermaston Footbridge, ,046,263.29490625,KA-017-004 Aldermaston Footbridge,45e19f92-de8a-4c5a-809c-953d3e863ff1
-1.177183738141197,51.394560982150864,5665,KA-020-016,"Pipe Bridge, Woolhampton", ,077,287.76759116,"KA-020-016 Pipe Bridge, Woolhampton",a9d9994e-e9d2-40db-acd8-ea34ea2f9fbd
-2.407657465822638,51.389882918445146,5666,KA-126-005,"Bridge 208A, Bath Marina Footbridge", ,046,327.72851958,"KA-126-005 Bridge 208A, Bath Marina Footbridge",c2937b3e-3131-49e7-b3f9-3d0ea263ff14
-2.052093883758611,51.354000307786983,5858,KA-090-013,"Bridge 147, (Abutments Only)", ,117,263.06201048,"KA-090-013 Bridge 147, (Abutments Only)",d7214888-01d3-4618-ad03-aa4cb1c98e22
-1.192878326640935,51.393523087006137,4347,KA-021-001,"Bridge 34, Heales Lock Footbridge",KA-02165,004,347.58111665,"KA-021-001 Bridge 34, Heales Lock Footbridge",199f26ac-89bd-4173-9f40-30f1050468da
-1.246517070022253,51.392916440104607,4348,KA-025-001,"Bridge 43, Thatcham Footbridge",KA-02548,004,343.53587385,"KA-025-001 Bridge 43, Thatcham Footbridge",855406f8-ef49-44c6-b24d-7f70b7149d47
-1.296638904574658,51.401021458448149,4349,KA-028-005,"Bridge 51, Ham Marsh Footbridge",KA-02920,004,198.52554412,"KA-028-005 Bridge 51, Ham Marsh Footbridge",0ccf4ea8-bdd1-493d-93ba-d2e9ccb67ded
-2.203696224729981,51.338774049085281,4350,KA-102-006,"Bridge 166A, Hiperton Marina Entrance B", ,004,302.00929446,"KA-102-006 Bridge 166A, Hiperton Marina Entrance B",f8014ec2-e964-4f9d-bdae-05778345f6d5
-2.266192743986601,51.342043246327044,4361,KA-107-002,"Bridge 173A, Meadows Bridge",KA-10696B,046,225.11831097,"KA-107-002 Bridge 173A, Meadows Bridge",b46593b6-1c81-4d0b-a465-5183686a3440
-2.311571456770876,51.362211661641354,4362,KA-113-007,"Bridge 177, Dundas Overhead Bridge",KA-11267,004,269.63904922,"KA-113-007 Bridge 177, Dundas Overhead Bridge",cfc4c9af-7ea8-42b7-9a93-ab6b4619bcb9
-2.348998069759421,51.380277577184472,4363,KA-121-003,Bridge 189 Bath Top Lock Footbridge,KA-12062,046,355.52631437,KA-121-003 Bridge 189 Bath Top Lock Footbridge,1009f0fb-185b-428a-ab81-1f201c8fca8f
-2.369435885130181,51.380513261024625,4364,KA-122-004,"Bridge 199, Midland Bridge",KA-12245,003,331.54677938,"KA-122-004 Bridge 199, Midland Bridge",cdb84544-6345-44c5-9cd3-0bc844ade884
-2.381224433484528,51.384062808812104,4365,KA-123-003,"Bridge 203, Winsor Bridge",KA-12322,003,232.441411,"KA-123-003 Bridge 203, Winsor Bridge",3c9be791-385e-4a2f-8755-411454627244
-0.985926658646114,51.434377701863397,4366,KA-004-001,"Bridge 9, Fobney Waterworks Bridge",KA-00473,002,290.28358895,"KA-004-001 Bridge 9, Fobney Waterworks Bridge",efd253a9-d710-4d93-afec-cf3e09bb45e0
-1.021160819996024,51.431982858487707,4367,KA-006-007,"Bridge 14, Burghfield Road",KA-00734,003,290.78233312,"KA-006-007 Bridge 14, Burghfield Road",24b868ff-1aa7-4b2c-ba28-d8d933280eda
-1.070560897743531,51.42967591301683,4368,KA-010-004,"Bridge 19, Sheffield Swingbridge",KA-01112,003,209.85939712,"KA-010-004 Bridge 19, Sheffield Swingbridge",40c96cfe-9acc-4d66-82f4-ebc3f8c51cec
-1.284920131961693,51.397066948576629,4369,KA-027-004,"Bridge 47, Bulls Lock Bridge",KA-02825,046,305.33265516,"KA-027-004 Bridge 47, Bulls Lock Bridge",77e3c1b2-3ccd-4d4a-a9d4-14ec2cf6b6a7
-1.307731873929824,51.402737541039855,4370,KA-029-004,"Bridge 53, Whitehouse Footbridge",KA-03003,004,359.77684524,"KA-029-004 Bridge 53, Whitehouse Footbridge",468ddde7-835e-4953-8104-405b5c76f19c
-1.473878258252992,51.408813696947369,4371,KA-041-004,Bridge 80 (Railway),KA-04239,129,311.89158495,KA-041-004 Bridge 80 (Railway),8e70ca53-0dee-4afe-be4b-787e3e998ed0
-1.51445153044293,51.41657832812367,4372,KA-044-006,"Bridge 84, Hungerford Town Bridge",KA-04518,003,287.31647996,"KA-044-006 Bridge 84, Hungerford Town Bridge",b80cb7ad-c4b6-49e1-8a3d-8f7c1b2af4b4
-1.621943727134884,51.360770058676373,4373,KA-055-003,"Bridge 100, Crossing Lock Bridge",KA-05553,003,220.42645741,"KA-055-003 Bridge 100, Crossing Lock Bridge",5ff5adfb-1512-4157-8a65-aff9675b96d9
-1.649652218954424,51.360746951524419,4374,KA-057-005,"Bridge 103, Wolfhall Bridge",KA-05758,002,312.46404543,"KA-057-005 Bridge 103, Wolfhall Bridge",f6351ef7-5248-45ec-9af8-8275ef4d6b72
-1.700557395214373,51.369465583883546,4375,KA-061-004,Bridge 106 Brimslade Lock Bridge,KA-06148,002,264.07205499,KA-061-004 Bridge 106 Brimslade Lock Bridge,d0139c64-4884-4a05-b330-c80eac3d7862
-1.851898083892934,51.352939600689318,4376,KA-073-009,"Bridge 124, Honey Street Bridge",KA-07370,003,282.56509322,"KA-073-009 Bridge 124, Honey Street Bridge",577e996f-6d5b-49c4-9a10-9fc4d3266b07
-1.872117615836157,51.35712389869839,4377,KA-075-001,"Bridge 126, Englands Bridge",KA-07536,002,315.63294964,"KA-075-001 Bridge 126, Englands Bridge",726b0631-e299-4b2b-861b-8f072ee63c0e
-1.904211998181442,51.362222870174236,4378,KA-077-004,Bridge 129 Allington Swing Footbridge,KA-07775,002,257.50726235,KA-077-004 Bridge 129 Allington Swing Footbridge,66fcdffe-9418-4a1a-bf37-0124af2d1b3b
-2.046681068844462,51.353983674014323,4379,KA-090-005,"Bridge 145, Lower Foxhangers Footbridge",KA-09019,004,199.21388223,"KA-090-005 Bridge 145, Lower Foxhangers Footbridge",b171a3a3-23a1-4b98-81f4-c67a1bde77e7
-2.08026053344103,51.354304755811711,4380,KA-092-004,Bridge 150 Sells Green Swingbridge,KA-09256,002,261.4256336,KA-092-004 Bridge 150 Sells Green Swingbridge,07b949fe-0c96-4045-a14d-d10fba5f0ca6
-1.178536938725637,51.394856574767218,4382,KA-020-002,"O/H/X, Water", ,077,300.07030631,"KA-020-002 O/H/X, Water",6c775565-5c5e-489a-b06a-cc0a547a8583
-1.355238739639623,51.398309050237906,4422,KA-033-007,"Bridge 64A, A34 Bypass", ,003,260.44108567,"KA-033-007 Bridge 64A, A34 Bypass",b736e0b7-b8bf-4c13-84e7-cb11d000cdb6
-2.311953786043999,51.361389214384943,2753,KA-113-001,"Bridge 176, Somerset Coal Lift Bridge",KA-11257A,002,359.63904922,"KA-113-001 Bridge 176, Somerset Coal Lift Bridge",ab8ce580-72cf-4d27-a1a9-0b73ee16af3a
-2.388433049821896,51.381674239357096,2754,KA-124-002,"Bridge 205, Weston Footbridge",KA-12406,046,256.49562641,"KA-124-002 Bridge 205, Weston Footbridge",82b70c17-f321-44c0-8dec-820dd1518d0d
-0.973613062076185,51.446370231401282,2755,KA-002-001,"Bridge 6, Footbridge",KA-00243,004,250.59803735,"KA-002-001 Bridge 6, Footbridge",f24350fa-c5d8-4163-816c-7bd5b1499310
-0.997136556311906,51.435561791763305,2756,KA-004-004,"Bridge 10, Fobney Labyrinth Weir",KA-00549,002,286.26926208,"KA-004-004 Bridge 10, Fobney Labyrinth Weir",85216311-b485-4b54-b591-deb413a97658
-1.003150819359917,51.43585234145155,2757,KA-005-002,"Bridge 12, Milkmaids Footbridge",KA-00599,004,191.13573561,"KA-005-002 Bridge 12, Milkmaids Footbridge",1b047691-6991-4acd-8c23-511d9e691a3d
-1.031245650531988,51.43304017488623,2758,KA-007-002,"Bridge 16, Burghfield Towpath Footbridg",KA-00809,004,192.65010702,"KA-007-002 Bridge 16, Burghfield Towpath Footbridg",5568e46a-c6f0-421e-992b-5df498440952
-1.092558995134664,51.422420410280083,2759,KA-012-002-01,"Bridge 22, Sulhamstead Weir Footbridge",KA-01272A,046,244.46891669,"KA-012-002-01 Bridge 22, Sulhamstead Weir Footbridge",e3f8e2fc-9885-458b-b4c7-a52b736ceaf2
-1.112734642579648,51.413260937242121,2760,KA-014-002,"Bridge 25, Ufton River Bridge",KA-01472,003,245.51508638,"KA-014-002 Bridge 25, Ufton River Bridge",fbe43631-5d16-477f-ba5f-b2d131d02135
-1.179586226673015,51.395171463483791,2761,KA-020-003,"Bridge 32, Woolhampton Lock Footbridge",KA-02065,004,193.48790115,"KA-020-003 Bridge 32, Woolhampton Lock Footbridge",9ba5218f-8453-4b40-96c0-d3e1a4611714
-1.219384933695751,51.392653198879188,2762,KA-023-001,"Bridge 37, Aldershot Weir Footbridge",KA-02356,004,196.92264308,"KA-023-001 Bridge 37, Aldershot Weir Footbridge",eb96fa45-8cb1-45de-b91e-e13186fd2bf3
-1.227059748716118,51.393564752676063,2763,KA-023-009,"Bridge 41, Colthrop Lock Sluice Bridge",KA-02409B,004,358.77796509,"KA-023-009 Bridge 41, Colthrop Lock Sluice Bridge",f440ca8c-48e6-433d-9cbf-b271499b9bea
-1.252238256810489,51.392312581106374,2764,KA-025-004,Bridge 44A (Over Ditch),KA-02585A,002,272.70073463,KA-025-004 Bridge 44A (Over Ditch),d95de70a-225f-4d72-9f96-9e1142af25c9
-1.290926100864669,51.399993717110164,2765,KA-028-003,"Bridge 49, Ham Marsh Weir Footbridge",KA-02876,004,199.62249409,"KA-028-003 Bridge 49, Ham Marsh Weir Footbridge",abdbe461-c531-476d-bf71-6a388cb720c3
-1.311824707958732,51.403203793952265,2766,KA-029-007,"Bridge 54, Greenham Marina Towpath Brid",KA-03023,004,349.74432487,"KA-029-007 Bridge 54, Greenham Marina Towpath Brid",ba1b9069-bccf-433b-be24-444d49bf0a4c
-1.32473428551572,51.40159455363667,2767,KA-030-016,Bridge 61 (Locktail Over River),KA-03150,004,352.31687826,KA-030-016 Bridge 61 (Locktail Over River),fe55802a-07f8-4c51-b0dc-1e00f3c1850a
-1.319538340080843,51.401798059996558,2768,KA-030-010,"Bridge 57, Victoria Park (Over Sluices)",KA-03082,004,222.59428476,"KA-030-010 Bridge 57, Victoria Park (Over Sluices)",daf110e5-ff0d-4f72-98b5-4d2b5afe9d69
-1.380456318160655,51.398033959873977,2769,KA-034-005,"Bridge 67, Hamstead Weir Footbridge",KA-03542,004,209.24070568,"KA-034-005 Bridge 67, Hamstead Weir Footbridge",de771fa6-7e28-44cb-92bf-a953599280df
-1.412221246968737,51.402994635449794,2770,KA-037-005,"Bridge 72, Dreweatts Weir Footbridge",KA-03765,004,190.69594022,"KA-037-005 Bridge 72, Dreweatts Weir Footbridge",03c563d4-436e-4365-8aaa-30cfe3cbf6d9
-1.442699843985488,51.402221297892197,2771,KA-039-002,"Bridge 74, Newmans Bridge",KA-03979,004,181.48762875,"KA-039-002 Bridge 74, Newmans Bridge",75c6e972-d353-4382-b3d0-fb8ed319cd37
-1.83815441071316,51.345210354719882,2772,KA-072-001,"Bridge 122, Woodbrough Fields Bridge",KA-07230,002,275.63138688,"KA-072-001 Bridge 122, Woodbrough Fields Bridge",3f80fa89-cdf9-45a3-8d60-ffe3ba6eb94c
-2.489821160920599,51.418382813866423,2773,KA-136-001,"Bridge 212, Avon Marina Entrance",KA-13362,046,309.24495049,"KA-136-001 Bridge 212, Avon Marina Entrance",458508c0-8e35-4432-bc9f-adc43a49d513
-2.174962147011813,51.345747784321041,2820,KA-099-002,"Bridge 163, Whaddon Lane Bridge",KA-09951,003,271.20005805,"KA-099-002 Bridge 163, Whaddon Lane Bridge",1763fbad-a5f6-4a28-acb8-69c1101d2345
-2.170023163765632,51.345712389798621,2821,KA-099-001,"Bridge 162, Whaddon Grove Bridge",KA-09916,002,271.88056438,"KA-099-001 Bridge 162, Whaddon Grove Bridge",87c38b23-bf9d-4770-a63a-5418d82dcbdc
-2.191583642374521,51.343438075070431,2822,KA-101-001,Bridge 165 Hilperton Marsh Bridge,KA-10070,002,257.67571663,KA-101-001 Bridge 165 Hilperton Marsh Bridge,20283bdf-659b-41ea-bbbb-1ab9ff0d63f8
-2.20483203930385,51.337267193685747,2823,KA-102-008,"Bridge 167, Parson Bridge",KA-10199,003,211.08029465,"KA-102-008 Bridge 167, Parson Bridge",2d529d58-7c60-4538-b2ab-9683be910b89
-2.214676231836439,51.334587341113682,2824,KA-103-001,Bridge 169 Ladydown Bridge,KA-10283,002,307.60574675,KA-103-001 Bridge 169 Ladydown Bridge,7bf778a7-559d-4aa7-b5a1-0a2608d6b460
-2.251086250164037,51.33742024744754,2825,KA-105-002,"Bridge 171, Bradford On Avon",KA-10486,003,332.47167855,"KA-105-002 Bridge 171, Bradford On Avon",44bc3d26-4201-4770-be53-4a036bf3ec06
-2.25204111170035,51.341337689612359,2826,KA-106-010,Bridge 172 Bradford On Avon Bridge,KA-10594,003,324.56812991,KA-106-010 Bridge 172 Bradford On Avon Bridge,b907ff99-7e50-4e57-bf90-3c3f6867a877
-2.266085456395591,51.342103491959939,2827,KA-107-001,"Bridge 173, Bradford On Avon Swingbridg",KA-10696,002,225.11831097,"KA-107-001 Bridge 173, Bradford On Avon Swingbridg",b5f81d5d-1bfe-4064-aed8-a50dcd582895
-2.291570194780435,51.340597999098442,2828,KA-109-001,Bridge 174 Winsley Bridge,KA-10913,002,345.50186386,KA-109-001 Bridge 174 Winsley Bridge,7528b291-5920-497f-921e-561e9166dce1
-2.311786338278406,51.349900179487506,2829,KA-111-003,"Bridge 175, Limpley Stoke Bridge",KA-11113,003,192.50630235,"KA-111-003 Bridge 175, Limpley Stoke Bridge",18a2d0be-7de1-4740-9d8e-006bc14b5928
-2.30710575542374,51.367715899632415,2830,KA-113-009,Bridge 178 Millbrook Swingbridge,KA-11336,002,195.58666875,KA-113-009 Bridge 178 Millbrook Swingbridge,fad37569-72a6-4038-9c45-629e5fe4fbfd
-2.306678141178805,51.381000378306048,2831,KA-115-004,"Bridge 181, Hardings Bridge",KA-11511,002,297.4406602,"KA-115-004 Bridge 181, Hardings Bridge",5441d2e0-bc48-42de-8f78-4b9137f7eb83
-2.320871077103534,51.39675282339072,2832,KA-117-011,"Bridge 183, Bathampton Road",KA-11758,003,245.88343038,"KA-117-011 Bridge 183, Bathampton Road",2f700434-8e9c-481b-9dec-09d44855392f
-2.332699156720284,51.394254671216451,2833,KA-118-003,"Bridge 184, Candys Bridge",KA-11845,002,239.35619151,"KA-118-003 Bridge 184, Candys Bridge",9d39d177-5d2c-419c-a6ba-1995f05ab4bf
-2.341153469557081,51.391640132313064,2834,KA-119-001,"Bridge 185, Folly Footbridge",KA-11909,004,335.12866362,"KA-119-001 Bridge 185, Folly Footbridge",300d57cf-e535-4fb1-9f98-3dbdfde6c20c
-2.348134634261135,51.386821420633325,2835,KA-120-002,Bridge 186 Sydney Gardens Iron Footbridg,KA-11981,046,358.10549033,KA-120-002 Bridge 186 Sydney Gardens Iron Footbridg,c37bb4f6-9502-4987-b20a-d40c53a04ef7
-2.348108095332718,51.386363729383739,2836,KA-120-003,"Bridge 187, Sydney Gardens Footbridge",KA-11984,046,358.10549033,"KA-120-003 Bridge 187, Sydney Gardens Footbridge",b524ae84-e769-4969-9038-6c79926d7227
-2.358382284442345,51.377254558690659,2837,KA-121-018,"Bridge 196, Skew Railway Bridge",KA-12166,129,284.33035698,"KA-121-018 Bridge 196, Skew Railway Bridge",175ca375-917c-40ad-b451-d3f4b448b736
-2.349422376407444,51.378753204344846,2838,KA-121-008,"Bridge 190, Horse Shoe Walk Bridge",KA-12082,003,222.06948173,"KA-121-008 Bridge 190, Horse Shoe Walk Bridge",b9cdc5fd-b15f-454c-9a2d-8ea21520734a
-2.353566356017061,51.377072324015693,2839,KA-121-013,"Bridge 193, Rossiter Road",KA-12118,003,279.35590871,"KA-121-013 Bridge 193, Rossiter Road",015ae90e-4a85-4e98-80b0-317df6a287eb
-2.352761190638032,51.376983414251235,2840,KA-121-012,"Bridge 192, Pulteney Road",KA-12114,003,267.04450113,"KA-121-012 Bridge 192, Pulteney Road",3adc777f-3a1b-4142-9e49-a6b1c72219ca
-2.351490074511003,51.37708254877051,2841,KA-121-010,Bridge 191 Wash House Lock Footbridge,KA-12102,046,218.11010836,KA-121-010 Bridge 191 Wash House Lock Footbridge,0cdca70b-e8e0-4573-ad27-50566bb88033
-2.369657968431341,51.381326307217215,2842,KA-122-005,"Bridge 200, Sainsburys",KA-12248,003,348.15117824,"KA-122-005 Bridge 200, Sainsburys",baed330c-93c8-45b1-914f-61e0740655d5
-2.360516670777628,51.377615659893358,2843,KA-122-002,"Bridge 198, Churchill Bridge",KA-12171,003,281.99586576,"KA-122-002 Bridge 198, Churchill Bridge",71de7b20-c4b0-4bd4-9eb3-c32debd6696d
-2.377009054877841,51.384450986933373,2844,KA-123-002,"Bridge 202, Midland Road Destructor Br",KA-12289,003,280.00814244,"KA-123-002 Bridge 202, Midland Road Destructor Br",6297355a-600b-48c7-be47-16d10a53f55e
-2.393858653152425,51.38218977361619,2845,KA-124-003,"Bridge 206, Dolphin Bridge",KA-12444,002,281.68980062,"KA-124-003 Bridge 206, Dolphin Bridge",647709ec-9648-4586-9ddb-1b9e8b365120
-2.38288204976257,51.383099820294824,2846,KA-124-001,"Bridge 204, Weston Railway Bridge",KA-12364,129,226.30948891,"KA-124-001 Bridge 204, Weston Railway Bridge",925ea68b-af94-4df9-a306-a7e8f6244465
-2.408426646488038,51.390360271971517,2847,KA-126-002,"Bridge 208, Newbridge",KA-12593,003,342.67286069,"KA-126-002 Bridge 208, Newbridge",06a34456-2d9e-4725-958b-fb1bcf8452d1
-2.426958696763318,51.391543296164194,2848,KA-127-001,"Bridge 209, Kelston Park (Railway)",KA-12761,129,218.98448794,"KA-127-001 Bridge 209, Kelston Park (Railway)",6fcd1d48-226d-41ba-a7b3-df19a25f3532
-0.968593135233007,51.454131689324029,2849,KA-001-007,"Bridge 1, Duke Street Bridge",KA-00007,003,251.28555995,"KA-001-007 Bridge 1, Duke Street Bridge",9389b9a3-b26a-4b83-ac93-a73db3e7b830
-0.97224357144238,51.452352045599859,2850,KA-001-008,"Bridge 2, Bridge Street",KA-00187,003,225.2187252,"KA-001-008 Bridge 2, Bridge Street",78ebc977-f12d-4f59-aeb7-a12366e861f5
-0.973484902129549,51.448270748623401,2851,KA-001-013,"Bridge 5, Berkeley Avenue",KA-00240,003,341.71596607,"KA-001-013 Bridge 5, Berkeley Avenue",7ec0c7b4-d664-4d25-abe0-cbd696a917d9
-0.975870126838248,51.436467296991083,2852,KA-003-001,"Bridge 8, Rose Kiln Lane",KA-00319,003,194.66468355,"KA-003-001 Bridge 8, Rose Kiln Lane",a07265ed-a341-43b2-b762-86f415038618
-0.999550897215594,51.436654141282141,2853,KA-005-001,Bridge 11 (Railway),KA-00569,129,295.10035679,KA-005-001 Bridge 11 (Railway),52a424ef-70f0-4dec-9f99-2396217268d8
-1.003747775917357,51.436051365431915,2854,KA-005-003,"Bridge 13, Southcote Lock Footbridge",KA-00600,004,353.14323309,"KA-005-003 Bridge 13, Southcote Lock Footbridge",2be97404-a10e-4b80-b74b-3a34667924e0
-1.049066495613676,51.434154907744862,2855,KA-008-002,"Bridge 17, Hisseys Bridge",KA-00943,002,264.66425311,"KA-008-002 Bridge 17, Hisseys Bridge",55dc92f3-8025-4e97-9a2b-2b89d99f509f
-1.089344914676215,51.423254462678983,2856,KA-012-001,"Bridge 21, Sulhamstead Swingbridge",KA-01262,002,243.25509207,"KA-012-001 Bridge 21, Sulhamstead Swingbridge",ef4f99c3-0800-4b1f-983e-a78ff7bec3f5
-1.113027929045177,51.413428847790442,2857,KA-014-003,"Bridge 25A, Ufton Swingbridge",KA-01473,003,245.51508638,"KA-014-003 Bridge 25A, Ufton Swingbridge",310d5cd0-694f-42d4-bae8-8af596fe329d
-1.126176210532722,51.40268208648871,2858,KA-015-003,"Bridge 27, Padworth Swingbridge",KA-01664,003,206.12148061,"KA-015-003 Bridge 27, Padworth Swingbridge",ddcfc2fe-9a11-40fb-8aa3-8df56d701f34
-1.136345227583837,51.400244606647938,2859,KA-016-007,Bridge 28 (Lift Bridge),KA-01726,003,262.32004348,KA-016-007 Bridge 28 (Lift Bridge),3bf1fc1d-20a5-4c8e-ba28-aea6ffb733d8
-1.152547147725102,51.395775366579315,2860,KA-018-001,"Bridge 29, Froud's Bridge",KA-01859,003,233.37631489,"KA-018-001 Bridge 29, Froud's Bridge",8a1b9472-fd32-4e95-8ba5-44c15683c64b
-1.17835321708036,51.394812609404397,2861,KA-020-001,"Bridge 31,Woolhampton Swingbridge",KA-02058,003,300.07030631,"KA-020-001 Bridge 31,Woolhampton Swingbridge",2af8e65b-d74b-424f-8432-fd81c68f722d
-1.186592200150276,51.395265425003153,2862,KA-020-005,"Bridge 33, Oxlease Swingbridge",KA-02116,002,239.32358643,"KA-020-005 Bridge 33, Oxlease Swingbridge",5ca4e01b-17e8-420e-80d3-5f999a1bacd2
-1.209568458681237,51.392790201880175,2863,KA-022-001,"Bridge 36, Midgham Road Bridge",KA-02283,003,272.86325799,"KA-022-001 Bridge 36, Midgham Road Bridge",fe60a9dd-ab12-4a43-bad8-df624db7c2ff
-1.222343788408894,51.393154786370879,2864,KA-023-004,"Bridge 38, Colthrop Footbridge",KA-02384,004,196.91526399,"KA-023-004 Bridge 38, Colthrop Footbridge",cbe60df6-3b74-4d7d-b5da-2b5bb3f81247
-1.243540567905331,51.393335179598424,2865,KA-024-002,"Bridge 42,Thatcham Station Road",KA-02527,003,254.75238133,"KA-024-002 Bridge 42,Thatcham Station Road",de0f55a3-1f66-44b6-a2bc-7902259fc841
-1.252253284726866,51.39221894423828,2866,KA-025-003,"Bridge 44, Monkey Marsh Swingbridge",KA-02585,002,272.70073463,"KA-025-003 Bridge 44, Monkey Marsh Swingbridge",f79b964d-6a1f-4463-8beb-996a29b22076
-1.283979540163673,51.396571235238966,2867,KA-027-002,Bridge 45 (Railway),KA-02818,129,310.30990769,KA-027-002 Bridge 45 (Railway),90b9d2b6-1e05-4929-9613-95eede489408
-1.286553046366015,51.397619202370315,2868,KA-028-001,"Bridge 48, Bulls Swingbridge",KA-02838,002,308.26659833,"KA-028-001 Bridge 48, Bulls Swingbridge",abea9381-5f7f-4ad8-a64a-ba31823bfef4
-1.314772704735057,51.402207908494304,2869,KA-030-003,"Bridge 56, Greenham Mill Footbridge",KA-03052,004,322.80910278,"KA-030-003 Bridge 56, Greenham Mill Footbridge",b1f77aaa-5adf-4a3c-9626-49f2c743a18a
-1.321407351504779,51.402340065580745,2870,KA-030-014,"Bridge 59, American Tank",KA-03130,003,291.78387756,"KA-030-014 Bridge 59, American Tank",c1497cca-48cc-4808-a56b-7644a5172f8d
-1.32423354301677,51.40157727249025,2871,KA-030-015,"Bridge 60, Town Bridge",KA-03138,003,262.31687826,"KA-030-015 Bridge 60, Town Bridge",36e97296-7690-49f0-a6d4-58ad8b38e78e
-1.333035186763239,51.401146600181704,2872,KA-031-006,"Bridge 63, Monkey Bridge",KA-03262,046,270.03238218,"KA-031-006 Bridge 63, Monkey Bridge",4df4842f-c186-4199-849c-3fbcf47e4bfd
-1.347129255006085,51.399454947764731,2873,KA-032-001,"Bridge 64, Guyers Lock Bridge",KA-03295,002,256.2871783,"KA-032-001 Bridge 64, Guyers Lock Bridge",f2552c9f-53df-4d1d-bf37-35b5499cacb4
-1.36890498253345,51.396368540745364,2874,KA-034-001,"Bridge 66, Benham Bridge",KA-03450,002,271.68623738,"KA-034-001 Bridge 66, Benham Bridge",a7196543-5963-4713-8336-7fcc5ee3d5a1
-1.392446072968983,51.400871261799878,2875,KA-035-002,"Bridge 68, Hamstead Road Bridge",KA-03625,003,279.42640202,"KA-035-002 Bridge 68, Hamstead Road Bridge",1cce7ace-715b-440a-9443-a23f97bcfd14
-1.428510279438033,51.40209310315668,2876,KA-038-001,"Bridge 73, Shepherds Bridge",KA-03880,002,266.91257608,"KA-038-001 Bridge 73, Shepherds Bridge",a07f39af-7baa-4daa-b28f-8cd448b88e5f
-1.446612751751189,51.402129923523603,2877,KA-039-003,"Bridge 75, Kintbury Road Bridge",KA-04007,003,263.69382903,"KA-039-003 Bridge 75, Kintbury Road Bridge",975d17e4-5e43-4547-a9e6-08b41c4175e9
-1.451016591514639,51.40184449345152,2878,KA-040-001,"Bridge 76, Vicarage Bridge",KA-04039,002,263.66562567,"KA-040-001 Bridge 76, Vicarage Bridge",379bf095-1cf3-4095-acc3-9a14aa6cf209
-1.46729088532509,51.405811162168604,2879,KA-041-001,"Bridge 79, Brunsden Lock Bridge",KA-04162,002,297.06293862,"KA-041-001 Bridge 79, Brunsden Lock Bridge",b4fd8a01-6a40-4214-8455-d89a5c95045f
-1.47967509666289,51.410389217980864,2880,KA-042-001,"Bridge 81, Wire Lock Bridge",KA-04261,002,282.45423902,"KA-042-001 Bridge 81, Wire Lock Bridge",a88f7249-2952-40f6-a268-e556d0c27a4f
-1.495729722741976,51.411692095298093,2881,KA-043-001,"Bridge 82, Dun Mill Bridge",KA-04273,003,273.76418988,"KA-043-001 Bridge 82, Dun Mill Bridge",05ff8d26-d4d0-41fc-a4ad-1452eb9e1fa7
-1.511750189484068,51.415909726936171,2882,KA-044-001,"Bridge 83, Station Road",KA-04498,002,300.22344079,"KA-044-001 Bridge 83, Station Road",28acfb83-95d9-4aa4-bb90-1998055ef3e3
-1.532364292941124,51.414867607797525,2883,KA-046-002,"Bridge 86, Marsh Swing Bridge",KA-04640,002,263.81125637,"KA-046-002 Bridge 86, Marsh Swing Bridge",33871d88-ead1-40a7-aa1f-3a5a65ab04a4
-1.539133841513697,51.414129436205506,2884,KA-046-003,"Bridge 87, Cobblers Bridge",KA-04691,046,249.04121991,"KA-046-003 Bridge 87, Cobblers Bridge",867bd209-6421-4590-94ca-a2c7495e89f2
-1.544271149418405,51.411562851897308,2885,KA-047-002,"Bridge 89, Picketfield (Railway)",KA-04746,129,214.7931686,"KA-047-002 Bridge 89, Picketfield (Railway)",15c75e26-a6b5-4768-a3e3-de04fbc79316
-1.562070096268415,51.408339281066681,2886,KA-048-001,"Bridge 90, Froxfield Road Bridge",KA-04868,003,240.91909467,"KA-048-001 Bridge 90, Froxfield Road Bridge",f05b402f-6616-4d94-897c-848984491bd0
-1.584042476689575,51.391606854544328,2887,KA-050-006,"Bridge 94, Little Bedwyn Road Bridge",KA-05112,003,207.71229085,"KA-050-006 Bridge 94, Little Bedwyn Road Bridge",37857565-7a27-4cbf-9608-c7d175c9d567
-1.576311801729897,51.3970195047755,2888,KA-050-002,"Bridge 92, Fore Bridge",KA-05029,002,217.38333336,"KA-050-002 Bridge 92, Fore Bridge",059a44ea-f840-46b0-81c0-a5ee50d3f858
-1.598612337622654,51.37852754523464,2889,KA-052-003,"Bridge 95, Great Bedwyn Road Bridge",KA-05291,003,204.32798008,"KA-052-003 Bridge 95, Great Bedwyn Road Bridge",84343cef-98f4-413d-9264-d2144822a225
-1.605146198807423,51.371598606699919,2890,KA-053-007,"Bridge 97, Bedwyn Mill Road Bridge",KA-05381,003,209.82045588,"KA-053-007 Bridge 97, Bedwyn Mill Road Bridge",125a478d-da9b-44e0-8094-4c09d63a695d
-1.611112898756048,51.36745484932748,2891,KA-054-001,"Bridge 98, Beech Grove Lock Bridge",KA-05444,002,225.18654602,"KA-054-001 Bridge 98, Beech Grove Lock Bridge",6a64bf97-2051-4c31-adcf-158303877584
-1.613827042504343,51.366022064860452,2892,KA-054-004,"Bridge 99, New Crown Estate",KA-05466,002,224.41624475,"KA-054-004 Bridge 99, New Crown Estate",b6ba3159-4d91-4ae4-86a8-f791e4989055
-1.631517960653238,51.357574214013567,2893,KA-056-002,"Bridge 101, Freewarren Bridge",KA-05632,003,277.00501636,"KA-056-002 Bridge 101, Freewarren Bridge",7b7e9365-f4ee-436f-926d-ae388d7c51cb
-1.64393460207112,51.359034209898553,2894,KA-057-001,"Bridge 102, Wolfhall Fields Bridge",KA-05717,002,280.56455593,"KA-057-001 Bridge 102, Wolfhall Fields Bridge",d905727e-e247-460c-ac17-d1ec451547da
-1.679118857515414,51.370047067579804,2895,KA-059-001,"Bridge 104, Burbage Wharf Bridge",KA-05999,003,268.27150992,"KA-059-001 Bridge 104, Burbage Wharf Bridge",e03a1a56-43d3-44d2-b4c4-50dc01236989
-1.716429043453246,51.36506132220314,2896,KA-062-005,Bridge 108 Wootton Rivers Lock Bridge,KA-06267,003,224.78092574,KA-062-005 Bridge 108 Wootton Rivers Lock Bridge,43f5d97e-4a55-4158-8f36-9bdd139a30bb
-1.718681931947536,51.36345687792371,2897,KA-062-010,Bridge 109 Wooton Rivers Farm Bridge,KA-06293,002,218.25956371,KA-062-010 Bridge 109 Wooton Rivers Farm Bridge,b394c1bb-8a45-4084-8ea0-532ad090cd61
-1.723172361219507,51.361127695547388,2898,KA-063-001,"Bridge 110, Curret Crown Bridge",KA-06333,002,245.6473885,"KA-063-001 Bridge 110, Curret Crown Bridge",21ee896c-052a-4d9e-a79e-6a34253853a0
-1.750594246445968,51.354291029254114,2899,KA-065-002,"Bridge 112, Milkhouse Water Bridge",KA-06542,003,265.58067686,"KA-065-002 Bridge 112, Milkhouse Water Bridge",f9ef9a22-7872-4243-910b-4978dea9faeb
-1.76513915936699,51.349428591894764,2900,KA-066-003,"Bridge 113, Pains Bridge",KA-06667,002,214.9842084,"KA-066-003 Bridge 113, Pains Bridge",8c7f0d64-f814-49c4-93a3-aed848f423ea
-1.785505835353775,51.352102775004148,2901,KA-068-002,"Bridge 115, Bristow Bridge",KA-06827,003,320.3753442,"KA-068-002 Bridge 115, Bristow Bridge",b53f2974-e4ad-4db2-8905-3c0934984b5a
-1.792462891970558,51.352049048756989,2902,KA-068-004,"Bridge 116, Stowell Park Bridge",KA-06880,046,249.94517989,"KA-068-004 Bridge 116, Stowell Park Bridge",a7fdede7-e2e4-4087-8398-39dbe9ef0b0b
-1.807563791983829,51.348593802729845,2903,KA-069-005,"Bridge 119, Bowdens Bridge",KA-06991,002,240.94590136,"KA-069-005 Bridge 119, Bowdens Bridge",4bed8286-3206-4774-baee-ce5ea375ca0a
-1.816115303432702,51.344322863862253,2904,KA-070-001,"Bridge 120, Ladies Bridge",KA-07069,002,261.93396225,"KA-070-001 Bridge 120, Ladies Bridge",7f4c557e-b10b-412c-8f0b-52bc0dcac45c
-1.846299143441808,51.35076148895984,2905,KA-073-001,Bridge 123 Alton Valley Bridge,KA-07321,002,341.81643346,KA-073-001 Bridge 123 Alton Valley Bridge,267bfb68-6529-4955-9dd3-10a8b1ab2405
-1.867149035796339,51.353260914770175,2906,KA-074-004,"Bridge 125, Stanton Bridge",KA-07483,003,303.27551375,"KA-074-004 Bridge 125, Stanton Bridge",03cf3e8f-bbbb-47f8-bffa-761c9a250471
-1.890764109682024,51.359546017609361,2907,KA-076-004,"Bridge 127, All Cannings Bridge",KA-07677,003,310.19073019,"KA-076-004 Bridge 127, All Cannings Bridge",22dae945-4e66-4fe1-bee4-015eaac0d9b8
-1.91616020590788,51.360280323668391,2908,KA-078-001,Bridge 130 Allington Bridge,KA-07872,002,289.31222862,KA-078-001 Bridge 130 Allington Bridge,962d88ad-d598-4529-b286-5cde340a1f11
-1.924874374406924,51.369929281025463,2909,KA-080-002,"Bridge 132, Horton Townsend Bridge",KA-08025,003,198.70864686,"KA-080-002 Bridge 132, Horton Townsend Bridge",389c7908-345f-4e1e-b0f6-21653d528dea
-1.938866305100287,51.373413208346378,2910,KA-081-001,"Bridge 133, Bishops Canning Swingbridge",KA-08161,002,231.92236619,"KA-081-001 Bridge 133, Bishops Canning Swingbridge",66044d08-8547-49ae-a1a1-bdfc5f46d591
-1.956311721766856,51.363709685817078,2911,KA-083-001,"Bridge 135, Laywoods Bridge",KA-08346,002,259.32820094,"KA-083-001 Bridge 135, Laywoods Bridge",959a0456-6a15-45e3-beca-4849e1b5ee89
-1.975096601082252,51.360056217585772,2912,KA-085-002,"Bridge 136,Coate Road Bridge",KA-08489,003,247.94692893,"KA-085-002 Bridge 136,Coate Road Bridge",7b4e9c40-a7d7-437f-b0ea-ec2ce292b822
-1.994185762242217,51.355374697690934,2913,KA-086-003,"Bridge 140, Cemetery Road",KA-08648,003,272.82982132,"KA-086-003 Bridge 140, Cemetery Road",a9bead34-f1de-4724-bc31-ea4949264a5c
-1.984374636695218,51.3542750687878,2914,KA-086-001,"Bridge 138, London Road",KA-08580,003,279.47897805,"KA-086-001 Bridge 138, London Road",5bccddde-be2d-4252-b422-1e42056b8877
-2.010669133545151,51.352751341502653,2915,KA-087-008,"Bridge 142, Prison Bridge",KA-08769,003,265.51310662,"KA-087-008 Bridge 142, Prison Bridge",6c9c8acc-e35b-4bc9-ac8e-ee4da7c92acf
-2.000999494452062,51.354360191584604,2916,KA-087-003,"Bridge 141, Devizes Town",KA-08698,003,239.26242187,"KA-087-003 Bridge 141, Devizes Town",23a658b3-3a03-421f-883f-e547c28b36a6
-2.034903483529825,51.352203819831487,2917,KA-089-011,"Bridge 144, Upper Foxhangers",KA-08936,003,276.05324778,"KA-089-011 Bridge 144, Upper Foxhangers",603d77ea-5b2b-487d-b741-c6ef6aba7839
-2.050736914741582,51.354198850051169,2918,KA-090-007,Bridge 146 Lower Foxhangers Lock Bridge,KA-09049,002,258.03221712,KA-090-007 Bridge 146 Lower Foxhangers Lock Bridge,a45aade6-64b4-48d8-8d68-631ce6aa5fbf
-2.065501503478775,51.356211877054434,2919,KA-091-004,"Bridge 148, Martinslade",KA-09157,003,259.59748019,"KA-091-004 Bridge 148, Martinslade",3b4eea9d-9e43-4f17-bbe5-86d2dd913607
-2.071618097214079,51.355467237485989,2920,KA-092-001,"Bridge 149, Scotts Wharf Bridge",KA-09198,003,256.03292709,"KA-092-001 Bridge 149, Scotts Wharf Bridge",ae13c6ac-6f4f-47db-bf60-ce268e0cdf99
-2.091889920988308,51.352238770056992,2921,KA-093-007,"Bridge 152, Seend Upper Lock Bridge",KA-09342,003,250.96196379,"KA-093-007 Bridge 152, Seend Upper Lock Bridge",db3a0374-3f7a-4f35-b59c-e5e381c8314b
-2.098378702915467,51.351456013712514,2922,KA-094-002,"Bridge 153, Seend Wharf",KA-09389,003,274.4255645,"KA-094-002 Bridge 153, Seend Wharf",7accddde-32fd-4d0a-9660-337c3d13438b
-2.101203838907001,51.351582526973409,2923,KA-094-004,Bridge 154 Seend Lock 18 Bridge,KA-09409,002,274.14629531,KA-094-004 Bridge 154 Seend Lock 18 Bridge,f6852d93-1a57-4083-8a4b-8045c26174fc
-2.134843892174535,51.346860727791551,2924,KA-096-005,"Bridge 158, Newton Swingbridge",KA-09664,002,270.90329165,"KA-096-005 Bridge 158, Newton Swingbridge",0f8814c6-013a-4be6-b013-ae953dc7e75f
-2.123344287829614,51.346902054964247,2925,KA-096-001,"Bridge 156, Seend Park Bridge",KA-09584,002,265.95982169,"KA-096-001 Bridge 156, Seend Park Bridge",8e7ad337-8c72-4599-966c-3f3da26920cc
-2.145492473941794,51.348181054600282,2926,KA-097-004,Bridge 159 (Footbridge),KA-09736,046,281.02948975,KA-097-004 Bridge 159 (Footbridge),f9f97eac-f77e-4383-84ca-8a7aaf2a9646
-2.45904785899847,51.41673313882734,2927,KA-133-001,"Bridge 211, Bitton Railway Bridge",KA-13343,129,248.97653435,"KA-133-001 Bridge 211, Bitton Railway Bridge",9b2501f2-03d3-4eea-91ba-5b6374104af0
-2.491234103064707,51.419136741479981,2928,KA-136-007,Bridge 214 (A4175),KA-13628,003,323.1826754,KA-136-007 Bridge 214 (A4175),3026af92-546e-4af8-9407-732eb0827365
-1.224928637638352,51.393664690938387,2935,KA-023-005,"Bridge 40, Colthrop Bailey Bridge", ,077,269.53657938,"KA-023-005 Bridge 40, Colthrop Bailey Bridge",b04a8fd8-1154-4b35-a2f2-141575a34e4f
-0.977941172962856,51.435087634980569,2960,KA-003-006,"Bridge 8A, A33 Road Bridge, Reading", ,003,245.55823958,"KA-003-006 Bridge 8A, A33 Road Bridge, Reading",2d26876c-f8bb-4573-8aca-cd0d8e891b45
-1.304546536865535,51.402297353767565,2961,KA-029-002,"Bridge 52, Bone Mill Sluices Footbridge",KA-02959,046,288.65960485,"KA-029-002 Bridge 52, Bone Mill Sluices Footbridge",79b3c016-3f45-475e-8d5a-9ab1da8fffd5
-2.010575591974627,51.352748608216402,2962,KA-087-021,"Bridge 142A, Prison Bridge Footbridge", ,046,262.03587334,"KA-087-021 Bridge 142A, Prison Bridge Footbridge",6742adcc-9f45-4e4b-b488-71efb3124678
-2.460566611004929,51.416772190587842,2963,KA-133-003,"Bridge 211A, Ferris Bridge", ,046,269.59121306,"KA-133-003 Bridge 211A, Ferris Bridge",fe252433-2d7a-4564-b528-bd84e908a1e6
-1.074844144069965,51.425982325548176,3046,KA-011-001,"Bridge 20, Sulhamstead Footbridge",KA-01163,004,322.10536016,"KA-011-001 Bridge 20, Sulhamstead Footbridge",63d833f3-f5f7-45c5-b12e-f8be1a2bf6bc
-2.483818845465885,51.421184060550978,3155,KA-135-004,"Pipe Bridge, Broad Mead", ,077,234.84367432,"KA-135-004 Pipe Bridge, Broad Mead",f2c8be0c-a831-48a6-8be1-6c429923b303
-1.23187401974969,51.393888515958388,3156,KA-024-007,"Pipe Bridge, Thatcham", ,077,275.79499403,"KA-024-007 Pipe Bridge, Thatcham",25d72f6d-b4ee-4ba8-8aff-fb0f91e7fec0
-2.37950159053374,51.384590894448174,3157,KA-123-015,"Pipe Bridge, Gas Works", ,077,267.3829896,"KA-123-015 Pipe Bridge, Gas Works",88b76943-0bcf-45b6-ae0d-2b5a4019a17e
-1.802898212791019,51.349668836602767,3915,KA-069-003,"Bridge 118, Wilcot Swingbridge", ,117,250.36019039,"KA-069-003 Bridge 118, Wilcot Swingbridge",9bdf589d-8fd4-410c-a059-ca9ceb0fb09b
-1.827077249012085,51.345444771984901,3916,KA-071-002,Bridge 121 (Abutments Only), ,117,264.73567521,KA-071-002 Bridge 121 (Abutments Only),ec3424cf-3315-4158-a721-4e89267b77a2
-2.125333660026919,51.346823810764242,3917,KA-096-002,"Bridge 157, Melksham Park (Removed)", ,117,267.26584128,"KA-096-002 Bridge 157, Melksham Park (Removed)",babf2ec7-2c9a-40d7-be12-c2d6ad4076a3
-2.187387641326823,51.344031163386298,3918,KA-100-004,Bridge 164 (Removed), ,117,256.88671841,KA-100-004 Bridge 164 (Removed),fefce0cd-f04e-464e-99c0-b005814d6c4a
-1.225179426604428,51.393660410821198,3919,KA-023-006,"Abutments Bridge 40, Colthrop Old Swingb", ,117,269.53657938,"KA-023-006 Abutments Bridge 40, Colthrop Old Swingb",269da80b-ab31-4677-82d3-74dc3e93e493
